source,n,chi2,dof,p_value,cramers_v
ground_truth,3487,1407.9576097680585,20,2.186466552022297e-286,0.31771580552078527
predicted,3760,1875.6376142957695,20,0.0,0.35314295654738354
